{
  "base_model": "microsoft/Phi-3-mini-4k-instruct",
  "lora_config": "maximum",
  "total_parameters": 3856731136,
  "trainable_parameters": 35651584,
  "trainable_percentage": 0.9243989986031529,
  "base_memory_gb": 3.5587778091430664,
  "lora_overhead_gb": 0.06640625,
  "total_memory_gb": 3.6251840591430664
}